region,total_orders,total_failures,failure_rate,total_revenue,avg_ticket,unique_drivers,unique_customers,failure_cost_estimated,vs_global_avg_pp,performance_label
Altamonte Springs,1426,231,0.16199158485273493,408562.15,286.509221598878,887,857,16360.704244499999,1.179158485273493,Acima da Média
Apopka,1422,218,0.15330520393811534,405920.39,285.45737693389594,866,856,15439.971970999999,0.3105203938115336,Acima da Média
Clermont,1384,219,0.15823699421965318,390672.57,282.2778684971098,864,840,15510.7975305,0.8036994219653176,Acima da Média
Kissimmee,1421,204,0.14356087262491204,392062.58,275.90610837438425,856,834,14448.414138,-0.6639127375087955,Abaixo da Média
Orlando,1401,212,0.15132048536759457,396044.15,282.68675945753034,866,840,15015.018613999999,0.11204853675945703,Acima da Média
Sanford,1461,203,0.13894592744695414,420210.16,287.61817932922656,868,864,14377.5885785,-1.1254072553045864,Abaixo da Média
Winter Park,1485,215,0.1447811447811448,419550.38,282.52550841750843,885,883,15227.4952925,-0.5418855218855212,Abaixo da Média
